-- Вставка данных в таблицу Class
INSERT INTO Class (id, classNumber, alphabeticIdentifier) 
VALUES
    (1, 10, 'A'),
    (2, 11, 'B'),
    (3, 9, 'C'),
    (4, 12, 'D'),
    (5, 8, 'E'),
    (6, 7, 'F'),
    (7, 10, 'G'),
    (8, 11, 'H'),
    (9, 9, 'I'),
    (10, 12, 'J');

-- Вставка данных в таблицу Teacher
INSERT INTO Teacher (id, name, surname)
VALUES
    (1, 'Иван', 'Иванов'),
    (2, 'Пётр', 'Петров'),
    (3, 'Анна', 'Сидорова'),
    (4, 'Елена', 'Павлова'),
    (5, 'Дмитрий', 'Смирнов'),
    (6, 'Мария', 'Козлова'),
    (7, 'Сергей', 'Волков'),
    (8, 'Ольга', 'Николаева'),
    (9, 'Алексей', 'Морозов'),
    (10, 'Екатерина', 'Зайцева');

-- Вставка данных в таблицу Subject
INSERT INTO Subject (id, name)
VALUES
    (1, 'Математика'),
    (2, 'Литература'),
    (3, 'Физика'),
    (4, 'История'),
    (5, 'Биология'),
    (6, 'Иностранный язык'),
    (7, 'Химия'),
    (8, 'Искусство'),
    (9, 'География'),
    (10, 'Технологии');

-- Вставка данных в таблицу Student
INSERT INTO Student (id, name, surname, dateOfBirth, classId)
VALUES
    (1, 'Алексей', 'Иванов', '2005-03-12', 1),
    (2, 'Екатерина', 'Петрова', '2006-07-25', 2),
    (3, 'Иван', 'Сидоров', '2005-11-08', 3),
    (4, 'Анна', 'Павлова', '2006-01-30', 4),
    (5, 'Дмитрий', 'Смирнов', '2005-09-14', 5),
    (6, 'Мария', 'Козлова', '2006-05-19', 6),
    (7, 'Сергей', 'Волков', '2005-12-22', 7),
    (8, 'Ольга', 'Николаева', '2006-04-01', 8),
    (9, 'Александра', 'Морозова', '2005-08-10', 9),
    (10, 'Павел', 'Зайцев', '2006-02-18', 10);

-- Вставка данных в таблицу Parent
INSERT INTO Parent (id, name, surname, contactInfo)
VALUES
    (1, 'Иван', 'Иванов', 'ivanov@example.com'),
    (2, 'Пётр', 'Петров', 'petrov@example.com'),
    (3, 'Анна', 'Сидорова', 'sidorova@example.com'),
    (4, 'Елена', 'Павлова', 'pavlova@example.com'),
    (5, 'Дмитрий', 'Смирнов', 'smirnov@example.com'),
    (6, 'Мария', 'Козлова', 'kozlova@example.com'),
    (7, 'Сергей', 'Волков', 'volkov@example.com'),
    (8, 'Ольга', 'Николаева', 'nikolaeva@example.com'),
    (9, 'Алексей', 'Морозов', 'morozov@example.com'),
    (10, 'Екатерина', 'Зайцева', 'zaiceva@example.com');

-- Вставка данных в таблицу Grade
-- Пожалуйста, учтите, что у вас отсутствует таблица Lesson, поэтому вставка в таблицу Grade ссылающаяся на несуществующую Lesson(id) приведет к ошибке.

-- Вставка данных в таблицу Lesson
-- Аналогично, здесь необходимы уроки для добавления оценок, которые ссылались бы на существующие Lesson(id).

-- Вставка данных в таблицу Student_Parent
INSERT INTO Student_Parent (studentId, parentId)
VALUES
    (1, 1),
    (2, 2),
    (3, 3),
    (4, 4),
    (5, 5),
    (6, 6),
    (7, 7),
    (8, 8),
    (9, 9),
    (10, 10);

-- Вставка данных в таблицу Class_Teacher
INSERT INTO Class_Teacher (classId, teacherId)
VALUES
    (1, 1),
    (2, 2),
    (3, 3),
    (4, 4),
    (5, 5),
    (6, 6),
    (7, 7),
    (8, 8),
    (9, 9),
    (10, 10);

-- Вставка данных в таблицу Class_Subject
INSERT INTO Class_Subject (classId, subjectId)
VALUES
    (1, 1),
    (2, 2),
    (3, 3),
    (4, 4),
    (5, 5),
    (6, 6),
    (7, 7),
    (8, 8),
    (9, 9),
    (10, 10);

INSERT INTO Lesson (id, date, teacherId, classId, subjectId)
VALUES
    (1, '2023-10-01', 1, 1, 1),
    (2, '2023-10-02', 2, 2, 2),
    (3, '2023-10-03', 3, 3, 3),
    (4, '2023-10-04', 4, 4, 4),
    (5, '2023-10-05', 5, 5, 5),
    (6, '2023-10-06', 6, 6, 6),
    (7, '2023-10-07', 7, 7, 7),
    (8, '2023-10-08', 8, 8, 8),
    (9, '2023-10-09', 9, 9, 9),
    (10, '2023-10-10', 10, 10, 10);



INSERT INTO Grade (id, value, studentId, subjectId, lessonId, teacherId)
VALUES
    (1, 4.5, 1, 1, 1, 1),
    (2, 3.8, 2, 2, 2, 2),
    (3, 4.0, 3, 3, 3, 3),
    (4, 5.0, 4, 4, 4, 4),
    (5, 4.2, 5, 5, 5, 5),
    (6, 3.9, 6, 6, 6, 6),
    (7, 4.8, 7, 7, 7, 7),
    (8, 4.0, 8, 8, 8, 8),
    (9, 3.7, 9, 9, 9, 9),
    (10, 4.9, 10, 10, 10, 10);
